country,type,age of contact,00-04,05-09,10-14,15-19,20-24,25-29,30-34,35-39,40-44,45-49,50-54,55-59,60-64,65-69,70+
Belgium,all,00-04,1.36,0.66,0.43,0.28,0.1,0.44,0.8,0.74,0.18,0.22,0.39,0.46,0.34,0.32,0.11
Belgium,all,05-09,0.74,3.28,0.78,0.68,0.58,0.09,0.68,0.69,0.21,0.06,0.39,0.23,0.07,0.59,0.15
Belgium,all,10-14,0.42,0.76,5.6,0.81,0.46,0.07,0.34,1.13,0.89,0.26,0.31,0.13,0.1,0.18,0.3
Belgium,all,15-19,0.14,0.25,1.34,6.39,2.02,0.35,0.55,0.44,0.92,0.76,0.33,0.27,0.07,0.09,0.33
Belgium,all,20-24,0.34,0.17,0.7,1.67,4.4,0.91,0.84,0.46,0.55,0.8,0.93,0.71,0.27,0.23,0.07
Belgium,all,25-29,1.08,0.61,0.28,0.72,1.77,2.28,1.16,1.15,0.89,1.08,1.3,1.13,0.54,0.27,0.3
Belgium,all,30-34,1.46,1.29,0.57,0.37,1.29,1.37,2.07,1.46,0.58,1.06,0.74,1.77,1.2,0.41,0.3
Belgium,all,35-39,0.77,1.2,1.15,0.73,0.56,1.09,2.18,1.67,1.29,1.46,0.83,1.27,0.76,0.91,0.52
Belgium,all,40-44,0.38,0.82,1.15,1.15,0.96,0.58,1.57,1.64,1.42,1.0,1.09,1.37,1.07,0.73,0.56
Belgium,all,45-49,0.26,0.41,0.9,1.27,1.17,1.05,0.77,0.82,1.42,1.98,1.13,1.06,0.83,0.27,0.93
Belgium,all,50-54,0.41,0.3,0.21,0.51,0.77,0.77,0.59,0.69,0.82,0.86,1.48,1.46,0.51,0.36,0.59
Belgium,all,55-59,0.39,0.3,0.34,0.2,0.35,0.4,0.86,0.28,0.24,0.72,1.04,1.58,0.88,0.36,0.41
Belgium,all,60-64,0.24,0.29,0.34,0.09,0.13,0.14,0.39,0.51,0.29,0.18,0.85,0.81,1.41,0.59,0.93
Belgium,all,65-69,0.16,0.16,0.16,0.13,0.17,0.07,0.32,0.26,0.24,0.38,0.26,0.42,0.88,0.91,0.59
Belgium,all,70+,0.23,0.2,0.3,0.15,0.31,0.3,0.43,0.33,0.82,0.92,0.8,1.08,1.12,1.36,1.48
Belgium,physical,00-04,1.08,0.61,0.42,0.27,0.1,0.42,0.73,0.54,0.13,0.22,0.35,0.44,0.34,0.32,0.07
Belgium,physical,05-09,0.7,2.63,0.39,0.41,0.44,0.07,0.57,0.59,0.21,0.06,0.31,0.17,0.07,0.45,0.15
Belgium,physical,10-14,0.38,0.54,3.49,0.56,0.25,0.02,0.32,0.82,0.71,0.22,0.2,0.06,0.07,0.18,0.22
Belgium,physical,15-19,0.09,0.2,0.97,3.88,1.48,0.16,0.34,0.26,0.79,0.6,0.15,0.13,0.0,0.0,0.19
Belgium,physical,20-24,0.23,0.12,0.33,0.95,2.75,0.35,0.45,0.18,0.24,0.38,0.37,0.33,0.07,0.14,0.07
Belgium,physical,25-29,0.85,0.41,0.13,0.28,1.04,1.37,0.66,0.46,0.24,0.46,0.69,0.67,0.29,0.09,0.11
Belgium,physical,30-34,1.2,0.93,0.33,0.16,0.63,0.6,0.95,0.82,0.26,0.54,0.41,0.75,0.59,0.23,0.11
Belgium,physical,35-39,0.59,0.97,0.75,0.36,0.25,0.47,1.09,0.97,0.58,0.64,0.28,0.46,0.27,0.5,0.3
Belgium,physical,40-44,0.23,0.57,0.7,0.68,0.29,0.3,0.77,0.85,0.79,0.62,0.44,0.63,0.41,0.41,0.37
Belgium,physical,45-49,0.19,0.22,0.63,0.67,0.63,0.44,0.32,0.28,0.71,0.82,0.43,0.58,0.41,0.09,0.44
Belgium,physical,50-54,0.35,0.17,0.16,0.27,0.38,0.37,0.36,0.31,0.26,0.4,0.91,0.87,0.44,0.18,0.41
Belgium,physical,55-59,0.31,0.22,0.22,0.09,0.21,0.23,0.57,0.15,0.16,0.46,0.61,1.06,0.49,0.27,0.26
Belgium,physical,60-64,0.22,0.25,0.25,0.05,0.04,0.05,0.27,0.33,0.18,0.1,0.46,0.42,1.22,0.41,0.67
Belgium,physical,65-69,0.15,0.14,0.09,0.09,0.13,0.05,0.18,0.15,0.16,0.3,0.15,0.19,0.56,0.68,0.37
Belgium,physical,70+,0.22,0.13,0.24,0.11,0.21,0.09,0.36,0.13,0.68,0.7,0.52,0.52,0.8,1.0,0.93
Germany,all,00-04,1.9,0.36,0.09,0.04,0.08,0.27,0.46,0.2,0.2,0.09,0.19,0.07,0.1,0.03,0.07
Germany,all,05-09,0.81,2.25,0.35,0.18,0.03,0.17,0.26,0.49,0.23,0.09,0.2,0.11,0.14,0.11,0.27
Germany,all,10-14,0.34,0.61,3.58,0.69,0.12,0.16,0.14,0.62,0.67,0.35,0.16,0.07,0.07,0.18,0.34
Germany,all,15-19,0.42,0.42,0.93,4.19,0.9,0.28,0.19,0.46,1.11,1.21,0.27,0.26,0.11,0.15,0.49
Germany,all,20-24,0.56,0.24,0.25,1.29,2.59,1.43,0.44,0.22,0.57,0.45,0.47,0.33,0.19,0.15,0.3
Germany,all,25-29,0.62,0.43,0.25,0.36,1.14,1.79,0.98,0.3,0.38,0.57,0.6,0.45,0.32,0.19,0.24
Germany,all,30-34,1.2,0.66,0.34,0.22,0.45,1.09,1.49,0.74,0.57,0.59,0.54,0.61,0.31,0.32,0.41
Germany,all,35-39,0.87,0.77,0.65,0.6,0.45,0.77,1.18,1.43,0.95,0.7,0.58,0.57,0.36,0.42,0.5
Germany,all,40-44,0.49,0.72,0.97,0.69,0.47,0.6,0.98,1.03,1.23,1.05,0.71,0.59,0.49,0.62,0.52
Germany,all,45-49,0.4,0.38,0.44,0.68,0.63,0.77,0.32,0.59,0.93,1.23,0.99,0.62,0.44,0.38,0.37
Germany,all,50-54,0.38,0.23,0.37,0.39,0.41,0.59,0.67,0.36,0.47,0.82,1.18,0.79,0.4,0.45,0.38
Germany,all,55-59,0.26,0.26,0.15,0.26,0.26,0.59,0.35,0.28,0.22,0.41,0.79,1.12,0.75,0.35,0.31
Germany,all,60-64,0.27,0.22,0.19,0.12,0.11,0.49,0.42,0.36,0.32,0.28,0.42,0.54,0.85,0.8,0.43
Germany,all,65-69,0.19,0.18,0.19,0.15,0.08,0.23,0.19,0.3,0.2,0.15,0.18,0.3,0.52,0.91,0.44
Germany,all,70+,0.38,0.63,0.24,0.14,0.19,0.28,0.21,0.22,0.4,0.26,0.28,0.34,0.37,1.3,0.76
Germany,physical,00-04,1.48,0.32,0.08,0.02,0.08,0.27,0.39,0.2,0.18,0.07,0.19,0.07,0.1,0.03,0.06
Germany,physical,05-09,0.72,1.77,0.24,0.12,0.01,0.15,0.23,0.46,0.21,0.07,0.19,0.11,0.14,0.09,0.18
Germany,physical,10-14,0.22,0.41,2.45,0.4,0.07,0.12,0.14,0.51,0.6,0.32,0.13,0.05,0.06,0.14,0.23
Germany,physical,15-19,0.24,0.3,0.59,3.01,0.66,0.17,0.07,0.36,0.78,0.91,0.21,0.12,0.1,0.09,0.34
Germany,physical,20-24,0.52,0.22,0.16,0.95,1.74,0.96,0.26,0.14,0.36,0.29,0.26,0.25,0.15,0.11,0.18
Germany,physical,25-29,0.49,0.36,0.19,0.24,0.66,1.11,0.53,0.2,0.21,0.36,0.4,0.26,0.2,0.14,0.13
Germany,physical,30-34,0.88,0.55,0.25,0.1,0.28,0.77,0.84,0.49,0.33,0.35,0.34,0.34,0.15,0.2,0.25
Germany,physical,35-39,0.74,0.58,0.5,0.4,0.26,0.29,0.84,1.1,0.67,0.39,0.36,0.39,0.17,0.23,0.29
Germany,physical,40-44,0.36,0.52,0.78,0.43,0.3,0.28,0.53,0.67,0.92,0.63,0.39,0.41,0.27,0.42,0.33
Germany,physical,45-49,0.34,0.29,0.29,0.41,0.42,0.36,0.16,0.29,0.67,0.85,0.54,0.42,0.26,0.2,0.25
Germany,physical,50-54,0.36,0.17,0.25,0.22,0.3,0.27,0.42,0.17,0.32,0.56,0.86,0.51,0.25,0.3,0.24
Germany,physical,55-59,0.26,0.22,0.12,0.21,0.18,0.27,0.25,0.17,0.14,0.24,0.46,0.78,0.56,0.22,0.19
Germany,physical,60-64,0.21,0.21,0.16,0.04,0.06,0.24,0.28,0.26,0.2,0.1,0.3,0.34,0.63,0.59,0.18
Germany,physical,65-69,0.16,0.16,0.15,0.07,0.06,0.07,0.14,0.19,0.16,0.11,0.1,0.13,0.35,0.66,0.35
Germany,physical,70+,0.33,0.49,0.22,0.1,0.13,0.12,0.21,0.17,0.3,0.18,0.18,0.18,0.26,1.16,0.49
Finland,all,00-04,1.97,1.32,0.36,0.3,0.29,0.75,0.92,0.73,0.2,0.23,0.25,0.13,0.4,0.08,0.23
Finland,all,05-09,1.09,4.8,1.22,0.36,0.02,0.37,0.43,0.77,0.4,0.39,0.22,0.12,0.18,0.17,0.04
Finland,all,10-14,0.4,1.57,8.48,1.55,0.21,0.05,0.42,0.81,0.88,0.63,0.2,0.13,0.08,0.25,0.08
Finland,all,15-19,0.21,0.23,1.04,4.56,1.09,0.35,0.1,0.35,0.6,0.66,0.49,0.17,0.08,0.09,0.15
Finland,all,20-24,0.18,0.33,0.22,1.09,2.71,1.49,0.7,0.71,0.57,0.89,0.59,0.32,0.27,0.28,0.15
Finland,all,25-29,0.71,0.4,0.34,0.51,1.45,2.09,0.95,1.39,0.77,0.55,1.0,0.72,0.45,0.39,0.35
Finland,all,30-34,0.88,0.87,0.54,0.44,0.79,1.3,1.57,1.58,0.83,1.0,1.15,0.88,0.69,0.39,0.15
Finland,all,35-39,0.84,1.01,0.78,0.58,0.5,1.05,1.25,2.06,1.0,0.84,0.71,0.83,0.69,0.36,0.31
Finland,all,40-44,0.6,1.09,1.39,0.72,0.6,0.81,0.88,1.71,2.08,1.45,1.32,1.07,0.63,0.33,0.46
Finland,all,45-49,0.49,0.52,0.81,1.17,0.62,0.84,0.9,1.18,1.5,1.33,1.49,0.92,0.47,0.3,0.23
Finland,all,50-54,0.44,0.47,0.48,0.53,0.62,1.02,0.8,1.4,1.58,1.13,1.64,1.45,0.6,0.36,0.35
Finland,all,55-59,0.33,0.29,0.21,0.39,0.33,0.49,0.78,0.5,0.58,0.55,1.46,1.28,0.82,0.5,0.23
Finland,all,60-64,0.38,0.25,0.11,0.11,0.07,0.25,0.52,0.35,0.18,0.42,0.66,0.52,1.27,0.58,0.46
Finland,all,65-69,0.19,0.22,0.08,0.07,0.09,0.09,0.13,0.21,0.25,0.13,0.19,0.27,0.53,0.77,0.81
Finland,all,70+,0.15,0.19,0.21,0.15,0.12,0.14,0.25,0.23,0.43,0.3,0.37,0.4,0.6,0.88,1.69
Finland,physical,00-04,1.41,0.78,0.29,0.17,0.12,0.53,0.65,0.4,0.17,0.19,0.14,0.08,0.31,0.05,0.12
Finland,physical,05-09,0.81,2.3,0.71,0.22,0.0,0.3,0.23,0.6,0.32,0.23,0.1,0.07,0.18,0.05,0.0
Finland,physical,10-14,0.25,0.93,3.68,0.67,0.16,0.02,0.28,0.48,0.62,0.31,0.03,0.07,0.03,0.08,0.0
Finland,physical,15-19,0.16,0.15,0.51,1.59,0.33,0.18,0.03,0.02,0.25,0.38,0.1,0.05,0.03,0.06,0.04
Finland,physical,20-24,0.11,0.14,0.08,0.3,1.03,0.54,0.2,0.06,0.08,0.19,0.1,0.05,0.02,0.03,0.0
Finland,physical,25-29,0.47,0.23,0.1,0.16,0.47,0.93,0.22,0.23,0.13,0.05,0.2,0.15,0.16,0.06,0.08
Finland,physical,30-34,0.68,0.53,0.19,0.1,0.1,0.49,0.68,0.37,0.27,0.22,0.1,0.23,0.18,0.08,0.0
Finland,physical,35-39,0.56,0.63,0.42,0.15,0.07,0.12,0.4,0.58,0.2,0.16,0.14,0.13,0.08,0.06,0.15
Finland,physical,40-44,0.36,0.66,0.7,0.24,0.05,0.14,0.15,0.24,0.75,0.3,0.24,0.17,0.27,0.14,0.12
Finland,physical,45-49,0.26,0.29,0.44,0.41,0.09,0.09,0.2,0.21,0.47,0.45,0.32,0.22,0.08,0.11,0.08
Finland,physical,50-54,0.22,0.21,0.22,0.16,0.24,0.26,0.18,0.18,0.32,0.39,0.42,0.43,0.19,0.11,0.15
Finland,physical,55-59,0.15,0.13,0.06,0.08,0.07,0.05,0.15,0.1,0.07,0.11,0.27,0.48,0.42,0.14,0.12
Finland,physical,60-64,0.34,0.19,0.04,0.06,0.0,0.09,0.22,0.03,0.07,0.06,0.08,0.18,0.73,0.23,0.19
Finland,physical,65-69,0.16,0.14,0.05,0.02,0.0,0.02,0.03,0.05,0.08,0.03,0.08,0.07,0.27,0.31,0.5
Finland,physical,70+,0.07,0.11,0.12,0.07,0.03,0.0,0.07,0.08,0.2,0.09,0.17,0.05,0.31,0.31,1.15
Great Britain,all,00-04,1.92,0.65,0.41,0.24,0.46,0.73,0.67,0.83,0.24,0.22,0.36,0.2,0.2,0.26,0.13
Great Britain,all,05-09,0.95,6.64,1.09,0.73,0.61,0.75,0.95,1.39,0.9,0.16,0.3,0.22,0.5,0.48,0.2
Great Britain,all,10-14,0.48,1.31,6.85,1.52,0.27,0.31,0.48,0.76,1.0,0.69,0.32,0.44,0.27,0.41,0.33
Great Britain,all,15-19,0.33,0.34,1.03,6.71,1.58,0.73,0.42,0.56,0.85,1.16,0.7,0.3,0.2,0.48,0.63
Great Britain,all,20-24,0.45,0.3,0.22,0.93,2.59,1.49,0.75,0.63,0.77,0.87,0.88,0.61,0.53,0.37,0.33
Great Britain,all,25-29,0.79,0.66,0.44,0.74,1.29,1.83,0.97,0.71,0.74,0.85,0.88,0.87,0.67,0.74,0.33
Great Britain,all,30-34,0.97,1.07,0.62,0.5,0.88,1.19,1.67,0.89,1.02,0.91,0.92,0.61,0.76,0.63,0.27
Great Britain,all,35-39,1.02,0.98,1.26,1.09,0.76,0.95,1.53,1.5,1.32,1.09,0.83,0.69,1.02,0.96,0.2
Great Britain,all,40-44,0.55,1.0,1.14,0.94,0.73,0.88,0.82,1.23,1.35,1.27,0.89,0.67,0.94,0.81,0.8
Great Britain,all,45-49,0.29,0.54,0.57,0.77,0.97,0.93,0.57,0.8,1.32,1.87,0.61,0.8,0.61,0.59,0.57
Great Britain,all,50-54,0.33,0.38,0.4,0.41,0.44,0.85,0.6,0.61,0.71,0.95,0.74,1.06,0.59,0.56,0.57
Great Britain,all,55-59,0.31,0.21,0.25,0.33,0.39,0.53,0.68,0.53,0.55,0.51,0.82,1.17,0.85,0.85,0.33
Great Britain,all,60-64,0.26,0.25,0.19,0.24,0.19,0.34,0.4,0.39,0.47,0.55,0.41,0.78,0.65,0.85,0.57
Great Britain,all,65-69,0.09,0.11,0.12,0.2,0.19,0.22,0.13,0.3,0.23,0.13,0.21,0.28,0.36,0.7,0.6
Great Britain,all,70+,0.14,0.15,0.21,0.1,0.24,0.17,0.15,0.41,0.5,0.71,0.53,0.76,0.47,0.74,1.47
Great Britain,physical,00-04,1.49,0.59,0.25,0.18,0.42,0.61,0.57,0.74,0.18,0.2,0.36,0.15,0.18,0.26,0.07
Great Britain,physical,05-09,0.74,3.82,0.53,0.44,0.37,0.42,0.68,0.99,0.66,0.15,0.17,0.19,0.41,0.3,0.07
Great Britain,physical,10-14,0.36,0.73,3.19,0.79,0.17,0.14,0.32,0.51,0.69,0.27,0.2,0.19,0.17,0.26,0.17
Great Britain,physical,15-19,0.26,0.22,0.52,3.1,0.85,0.12,0.17,0.29,0.48,0.51,0.27,0.13,0.09,0.26,0.37
Great Britain,physical,20-24,0.39,0.19,0.09,0.38,1.32,0.49,0.28,0.16,0.23,0.44,0.2,0.28,0.11,0.15,0.0
Great Britain,physical,25-29,0.53,0.37,0.11,0.2,0.58,0.64,0.35,0.21,0.23,0.25,0.3,0.3,0.2,0.04,0.03
Great Britain,physical,30-34,0.77,0.72,0.29,0.17,0.31,0.42,0.8,0.21,0.27,0.38,0.23,0.2,0.23,0.15,0.07
Great Britain,physical,35-39,0.73,0.65,0.61,0.35,0.2,0.24,0.47,0.76,0.47,0.29,0.18,0.11,0.32,0.04,0.03
Great Britain,physical,40-44,0.38,0.59,0.58,0.47,0.27,0.29,0.25,0.49,0.45,0.4,0.12,0.19,0.23,0.15,0.3
Great Britain,physical,45-49,0.22,0.23,0.22,0.34,0.46,0.29,0.17,0.17,0.35,0.58,0.15,0.19,0.14,0.11,0.2
Great Britain,physical,50-54,0.26,0.21,0.14,0.17,0.22,0.17,0.15,0.14,0.19,0.27,0.33,0.35,0.2,0.04,0.07
Great Britain,physical,55-59,0.22,0.12,0.1,0.1,0.14,0.22,0.13,0.21,0.05,0.25,0.17,0.52,0.32,0.44,0.1
Great Britain,physical,60-64,0.22,0.15,0.1,0.1,0.1,0.14,0.15,0.2,0.19,0.13,0.09,0.24,0.27,0.3,0.13
Great Britain,physical,65-69,0.05,0.08,0.07,0.08,0.07,0.12,0.08,0.16,0.11,0.04,0.05,0.07,0.17,0.37,0.43
Great Britain,physical,70+,0.09,0.09,0.1,0.08,0.19,0.1,0.05,0.13,0.24,0.29,0.23,0.22,0.11,0.22,0.7
Italy,all,00-04,4.68,1.04,0.2,0.11,0.58,0.11,0.88,0.88,0.75,1.08,0.17,0.43,0.43,0.25,0.23
Italy,all,05-09,1.64,9.23,1.25,0.24,0.19,0.24,0.86,0.95,1.0,0.92,1.07,1.12,0.28,0.32,0.33
Italy,all,10-14,0.4,1.84,14.56,1.26,0.43,0.34,0.36,0.39,0.92,0.67,3.15,1.31,1.34,0.18,1.43
Italy,all,15-19,0.19,0.23,2.59,17.53,1.09,0.82,0.56,0.7,1.31,2.22,2.52,0.43,0.83,0.14,0.97
Italy,all,20-24,0.24,0.35,0.65,1.6,4.96,3.42,0.88,0.75,1.19,0.67,0.74,0.8,0.64,0.21,0.37
Italy,all,25-29,0.62,0.54,0.46,0.87,3.04,3.45,1.66,1.52,1.14,1.0,1.24,1.18,1.15,0.61,1.1
Italy,all,30-34,0.97,0.77,0.52,0.53,1.4,2.97,2.54,2.32,1.95,1.77,1.02,1.18,1.45,1.14,0.93
Italy,all,35-39,1.29,1.35,0.95,0.67,1.17,1.55,2.42,3.09,2.05,1.75,1.5,1.31,1.49,1.18,0.57
Italy,all,40-44,1.28,1.62,1.72,1.24,1.11,1.24,1.6,3.18,3.1,1.83,1.72,1.65,1.3,0.89,0.97
Italy,all,45-49,0.73,0.66,1.4,2.01,1.58,1.08,1.02,1.61,1.97,1.58,1.57,1.41,1.55,1.0,1.0
Italy,all,50-54,0.51,0.56,0.84,1.21,1.42,1.0,1.1,1.16,2.02,1.63,1.63,1.39,1.32,0.89,0.77
Italy,all,55-59,0.64,0.43,0.42,0.54,0.89,0.92,0.8,0.82,0.73,1.07,1.69,1.84,1.53,0.71,1.03
Italy,all,60-64,0.47,0.41,0.18,0.26,0.62,0.53,0.8,0.84,0.98,0.55,0.72,1.31,0.94,1.18,0.73
Italy,all,65-69,0.53,0.45,0.37,0.04,0.21,0.26,0.58,0.7,0.51,0.25,0.26,0.84,1.11,1.21,1.27
Italy,all,70+,0.83,0.83,0.71,0.39,0.6,0.79,0.56,0.88,1.07,0.9,0.96,1.57,1.7,1.39,1.27
Italy,physical,00-04,3.47,0.72,0.16,0.09,0.36,0.08,0.68,0.68,0.61,1.07,0.09,0.29,0.34,0.25,0.2
Italy,physical,05-09,1.35,6.78,0.95,0.16,0.13,0.16,0.48,0.75,0.54,0.8,0.98,0.45,0.13,0.14,0.33
Italy,physical,10-14,0.36,1.09,9.13,0.84,0.25,0.16,0.16,0.27,0.63,0.58,0.78,0.24,0.51,0.14,1.27
Italy,physical,15-19,0.13,0.21,1.59,9.34,0.64,0.42,0.1,0.14,1.05,0.65,0.54,0.24,0.23,0.04,0.77
Italy,physical,20-24,0.17,0.27,0.41,1.0,3.51,2.29,0.34,0.3,0.59,0.22,0.33,0.43,0.36,0.04,0.3
Italy,physical,25-29,0.45,0.3,0.17,0.31,1.75,2.24,0.74,0.36,0.36,0.17,0.52,0.61,0.53,0.32,0.7
Italy,physical,30-34,0.69,0.51,0.25,0.2,0.6,1.82,1.38,0.79,0.71,0.52,0.37,0.37,0.74,0.39,0.6
Italy,physical,35-39,1.01,1.01,0.59,0.23,0.45,0.89,1.14,1.36,0.78,0.6,0.56,0.55,0.94,0.54,0.4
Italy,physical,40-44,0.99,1.11,1.03,0.43,0.64,0.61,0.62,1.3,1.31,0.82,0.54,0.45,0.64,0.39,0.5
Italy,physical,45-49,0.49,0.48,0.67,1.03,0.79,0.42,0.58,0.55,0.66,0.83,0.57,0.45,0.87,0.54,0.37
Italy,physical,50-54,0.37,0.37,0.38,0.6,0.66,0.45,0.38,0.45,0.58,0.75,0.72,0.49,0.74,0.39,0.3
Italy,physical,55-59,0.45,0.34,0.13,0.23,0.49,0.42,0.16,0.36,0.25,0.57,0.61,0.86,0.85,0.25,0.53
Italy,physical,60-64,0.41,0.27,0.11,0.04,0.28,0.34,0.26,0.34,0.37,0.23,0.15,0.51,0.4,0.5,0.53
Italy,physical,65-69,0.46,0.29,0.25,0.01,0.13,0.18,0.14,0.39,0.15,0.07,0.09,0.39,0.72,0.61,0.83
Italy,physical,70+,0.69,0.52,0.56,0.24,0.3,0.45,0.3,0.39,0.59,0.45,0.57,0.59,0.96,0.79,0.8
Luxembourg,all,00-04,2.34,0.88,0.21,0.19,0.11,0.76,1.48,0.72,0.79,0.61,0.27,0.47,0.52,0.24,0.05
Luxembourg,all,05-09,1.05,8.76,1.71,0.25,0.22,1.24,2.24,1.09,1.16,0.28,1.02,0.44,0.35,0.17,0.2
Luxembourg,all,10-14,0.48,1.76,11.65,1.64,0.43,0.96,1.24,0.62,1.53,0.66,0.54,0.16,0.15,0.07,0.18
Luxembourg,all,15-19,0.18,0.52,2.32,11.78,2.89,1.45,0.7,0.36,1.38,1.87,0.46,1.44,0.28,0.1,0.18
Luxembourg,all,20-24,0.35,0.24,0.37,2.13,3.78,1.8,0.85,0.64,0.66,1.34,0.79,0.57,0.52,0.31,0.13
Luxembourg,all,25-29,0.79,0.78,0.36,0.92,2.31,3.08,2.48,1.14,1.44,1.3,1.52,1.25,0.91,0.69,0.33
Luxembourg,all,30-34,1.3,0.94,0.66,0.78,1.48,2.17,3.48,1.72,2.56,1.81,1.65,1.29,1.4,1.03,0.45
Luxembourg,all,35-39,1.45,1.79,1.14,0.94,1.41,1.9,3.11,2.59,2.72,1.75,1.63,1.03,1.28,1.41,0.5
Luxembourg,all,40-44,0.83,1.29,1.6,1.36,1.19,1.41,2.48,2.36,3.54,1.63,1.9,1.09,1.14,1.17,0.65
Luxembourg,all,45-49,0.37,0.57,1.02,1.36,1.67,1.11,1.48,1.84,2.37,2.46,1.97,1.04,0.8,0.69,0.43
Luxembourg,all,50-54,0.33,0.37,0.43,0.69,1.28,1.38,1.24,1.0,1.37,2.03,2.13,1.06,0.94,0.93,0.35
Luxembourg,all,55-59,0.33,0.33,0.31,0.4,0.52,1.06,0.78,0.74,0.62,0.78,1.19,1.09,0.95,1.07,0.38
Luxembourg,all,60-64,0.4,0.24,0.16,0.13,0.24,0.54,0.28,0.62,0.46,0.46,0.67,0.65,1.12,1.07,0.6
Luxembourg,all,65-69,0.23,0.12,0.21,0.1,0.2,0.27,0.41,0.31,0.5,0.36,0.33,0.43,0.8,1.17,0.58
Luxembourg,all,70+,0.28,0.27,0.29,0.28,0.43,0.58,0.48,0.26,0.72,0.93,1.4,0.64,1.11,0.93,1.75
Luxembourg,physical,00-04,1.78,0.72,0.13,0.18,0.07,0.54,1.28,0.53,0.65,0.57,0.14,0.36,0.51,0.24,0.03
Luxembourg,physical,05-09,0.64,5.74,0.93,0.23,0.2,0.94,1.46,0.67,0.66,0.21,0.32,0.34,0.23,0.07,0.05
Luxembourg,physical,10-14,0.31,1.13,6.27,0.99,0.2,0.14,0.33,0.33,0.79,0.43,0.35,0.08,0.09,0.0,0.1
Luxembourg,physical,15-19,0.16,0.18,1.35,6.18,1.57,0.44,0.2,0.03,0.4,0.82,0.3,0.18,0.12,0.07,0.13
Luxembourg,physical,20-24,0.27,0.08,0.17,1.18,2.0,0.93,0.26,0.22,0.16,0.58,0.25,0.23,0.2,0.17,0.03
Luxembourg,physical,25-29,0.63,0.4,0.11,0.29,1.11,1.59,0.63,0.4,0.25,0.46,0.56,0.56,0.4,0.14,0.15
Luxembourg,physical,30-34,0.87,0.51,0.26,0.18,0.48,0.97,1.35,0.57,0.51,0.48,0.51,0.49,0.58,0.28,0.08
Luxembourg,physical,35-39,1.05,1.09,0.52,0.35,0.19,0.7,1.0,1.09,0.79,0.46,0.59,0.32,0.65,0.31,0.15
Luxembourg,physical,40-44,0.61,0.81,1.01,0.65,0.24,0.46,0.57,0.64,1.21,0.54,0.81,0.4,0.42,0.45,0.25
Luxembourg,physical,45-49,0.26,0.37,0.61,0.56,0.72,0.38,0.43,0.53,0.66,1.12,0.86,0.47,0.4,0.28,0.23
Luxembourg,physical,50-54,0.26,0.19,0.21,0.31,0.56,0.56,0.35,0.36,0.46,0.75,1.25,0.62,0.42,0.52,0.15
Luxembourg,physical,55-59,0.24,0.23,0.14,0.19,0.24,0.52,0.3,0.19,0.16,0.24,0.73,0.7,0.55,0.62,0.13
Luxembourg,physical,60-64,0.35,0.17,0.13,0.07,0.13,0.28,0.13,0.26,0.13,0.16,0.33,0.35,0.75,0.83,0.3
Luxembourg,physical,65-69,0.16,0.08,0.11,0.05,0.09,0.18,0.24,0.19,0.16,0.21,0.21,0.27,0.43,0.66,0.18
Luxembourg,physical,70+,0.22,0.15,0.21,0.18,0.33,0.39,0.33,0.17,0.31,0.66,0.84,0.39,0.6,0.59,0.8
Netherlands,all,00-04,3.5,1.71,0.25,0.19,0.33,0.57,1.0,0.92,3.0,0.0,0.0,0.23,0.39,0.12,0.22
Netherlands,all,05-09,2.47,11.88,1.56,0.19,0.0,0.5,1.25,1.62,1.14,0.71,0.31,0.08,0.28,0.24,0.29
Netherlands,all,10-14,0.32,1.06,10.97,2.5,0.08,0.0,1.5,1.0,0.71,0.93,0.08,0.31,0.22,0.06,0.2
Netherlands,all,15-19,0.15,0.24,1.44,9.19,0.83,0.29,1.25,0.08,0.57,0.79,0.46,0.46,0.39,0.0,0.24
Netherlands,all,20-24,0.24,0.18,0.16,1.25,2.42,0.57,0.75,0.85,2.29,0.71,2.23,0.85,0.5,0.29,0.29
Netherlands,all,25-29,0.21,0.88,0.13,0.44,1.58,1.86,2.25,0.62,0.86,1.21,1.85,0.38,0.56,0.41,0.32
Netherlands,all,30-34,1.26,0.71,0.25,0.44,2.67,1.0,3.75,1.0,1.71,0.86,0.85,0.92,0.94,0.18,0.49
Netherlands,all,35-39,1.15,1.53,0.78,0.75,1.58,0.86,3.0,3.92,1.29,1.79,1.23,0.69,1.17,0.59,0.71
Netherlands,all,40-44,0.53,1.76,1.56,0.69,0.67,1.07,2.13,3.08,1.86,2.5,0.38,1.54,0.78,0.65,0.71
Netherlands,all,45-49,0.24,0.47,0.94,1.38,0.92,0.5,1.63,1.69,1.29,2.21,1.23,1.0,0.61,0.35,1.24
Netherlands,all,50-54,0.47,0.47,0.56,0.69,0.83,1.21,0.88,1.62,1.14,1.5,1.31,1.23,1.17,0.24,0.51
Netherlands,all,55-59,0.38,0.24,0.19,0.31,0.25,0.57,0.25,0.46,0.0,0.93,0.69,2.38,1.67,0.71,0.51
Netherlands,all,60-64,0.35,0.41,0.03,0.06,0.08,0.29,0.5,0.92,0.14,0.43,0.38,1.15,1.61,1.12,0.46
Netherlands,all,65-69,0.29,0.29,0.13,0.13,0.0,0.14,0.13,0.69,0.14,0.0,0.31,0.69,0.72,0.82,0.46
Netherlands,all,70+,0.24,0.24,0.56,0.56,0.33,0.21,0.63,0.46,0.0,0.79,0.62,0.23,1.11,1.0,1.95
Netherlands,physical,00-04,1.56,0.94,0.22,0.13,0.33,0.57,0.88,0.69,2.71,0.0,0.0,0.23,0.28,0.12,0.2
Netherlands,physical,05-09,2.41,6.35,0.88,0.19,0.0,0.43,0.13,1.08,1.0,0.64,0.31,0.08,0.17,0.24,0.22
Netherlands,physical,10-14,0.32,0.59,6.22,1.31,0.0,0.0,0.13,0.23,0.43,0.71,0.08,0.15,0.22,0.06,0.17
Netherlands,physical,15-19,0.12,0.24,0.47,5.25,0.25,0.14,0.25,0.08,0.43,0.57,0.15,0.23,0.11,0.0,0.05
Netherlands,physical,20-24,0.12,0.12,0.09,0.63,0.92,0.36,0.13,0.08,0.57,0.43,0.46,0.15,0.06,0.0,0.07
Netherlands,physical,25-29,0.15,0.29,0.06,0.19,0.83,1.21,0.75,0.0,0.29,0.71,0.31,0.0,0.17,0.06,0.1
Netherlands,physical,30-34,0.97,0.47,0.13,0.19,1.92,0.64,1.13,0.38,0.43,0.43,0.23,0.23,0.44,0.06,0.17
Netherlands,physical,35-39,1.0,1.18,0.5,0.25,1.25,0.29,1.25,1.0,0.29,0.57,0.15,0.08,0.39,0.24,0.41
Netherlands,physical,40-44,0.35,1.12,1.06,0.31,0.5,0.07,0.5,0.54,1.0,1.57,0.23,0.23,0.39,0.29,0.27
Netherlands,physical,45-49,0.21,0.24,0.59,0.75,0.42,0.14,0.25,0.23,0.71,0.71,0.38,0.08,0.11,0.12,0.76
Netherlands,physical,50-54,0.41,0.24,0.28,0.63,0.58,0.57,0.13,0.08,0.43,0.43,0.77,0.85,0.33,0.18,0.27
Netherlands,physical,55-59,0.26,0.12,0.16,0.19,0.0,0.14,0.25,0.08,0.0,0.14,0.38,0.92,0.56,0.53,0.22
Netherlands,physical,60-64,0.29,0.41,0.03,0.0,0.0,0.0,0.0,0.08,0.14,0.21,0.15,0.23,0.89,0.71,0.2
Netherlands,physical,65-69,0.24,0.24,0.13,0.0,0.0,0.0,0.13,0.23,0.14,0.0,0.08,0.23,0.17,0.53,0.22
Netherlands,physical,70+,0.09,0.12,0.47,0.5,0.25,0.14,0.0,0.23,0.0,0.43,0.46,0.08,0.28,0.59,0.83
Poland,all,00-04,1.33,0.57,0.21,0.1,0.21,0.4,0.38,0.23,0.11,0.13,0.31,0.23,0.25,0.2,0.23
Poland,all,05-09,0.83,6.41,1.06,0.29,0.1,0.27,0.74,0.77,0.56,0.16,0.24,0.5,0.27,0.44,0.26
Poland,all,10-14,0.75,1.62,12.71,1.01,0.3,0.25,0.8,0.68,0.69,0.26,0.37,0.42,0.25,0.44,0.34
Poland,all,15-19,0.49,0.41,2.27,12.12,2.13,0.72,0.54,1.29,1.18,1.13,0.94,0.66,0.53,0.6,0.4
Poland,all,20-24,0.69,0.36,0.63,1.69,6.26,2.4,1.16,1.4,1.58,1.44,1.45,1.02,0.66,0.6,0.34
Poland,all,25-29,1.36,0.92,0.84,0.8,2.61,3.43,2.28,2.5,1.81,1.75,1.94,1.37,1.1,1.36,0.26
Poland,all,30-34,1.19,1.42,1.19,0.88,1.59,2.18,2.36,2.68,1.77,1.44,1.61,1.34,1.31,1.4,0.46
Poland,all,35-39,0.85,0.96,1.23,1.06,1.13,1.43,1.64,3.08,1.76,1.33,1.24,1.06,1.02,1.08,0.71
Poland,all,40-44,0.44,0.68,0.96,1.17,1.11,1.37,1.44,1.87,2.47,1.49,1.71,0.98,1.07,1.68,0.74
Poland,all,45-49,0.47,0.59,0.71,0.96,0.98,1.12,1.36,1.52,1.56,2.25,1.74,1.16,0.56,0.92,0.83
Poland,all,50-54,0.57,0.47,0.46,0.51,1.2,1.33,1.11,1.05,1.03,1.56,1.58,1.4,0.56,0.96,0.74
Poland,all,55-59,0.53,0.48,0.28,0.25,0.79,0.77,0.56,0.87,0.68,0.61,0.94,1.95,1.1,0.68,0.54
Poland,all,60-64,0.29,0.32,0.24,0.25,0.34,0.45,0.59,0.58,0.56,0.41,0.52,0.84,1.12,0.48,0.57
Poland,all,65-69,0.26,0.18,0.15,0.2,0.1,0.23,0.18,0.53,0.34,0.31,0.19,0.56,0.64,0.72,0.54
Poland,all,70+,0.28,0.36,0.38,0.23,0.3,0.4,0.3,0.71,0.55,0.67,0.71,0.77,0.64,0.8,1.23
Poland,physical,00-04,1.18,0.54,0.21,0.09,0.2,0.37,0.31,0.21,0.11,0.11,0.29,0.21,0.2,0.16,0.23
Poland,physical,05-09,0.66,4.3,0.84,0.22,0.05,0.2,0.51,0.58,0.31,0.07,0.18,0.42,0.24,0.36,0.2
Poland,physical,10-14,0.56,0.87,7.39,0.64,0.11,0.1,0.64,0.56,0.42,0.15,0.24,0.29,0.15,0.2,0.2
Poland,physical,15-19,0.35,0.27,1.42,7.77,1.16,0.47,0.31,0.47,0.77,0.48,0.4,0.39,0.24,0.24,0.37
Poland,physical,20-24,0.55,0.26,0.28,1.06,3.72,1.65,0.69,0.73,0.87,0.62,0.81,0.42,0.34,0.28,0.23
Poland,physical,25-29,1.12,0.64,0.3,0.44,1.25,2.27,1.26,1.42,0.89,0.69,0.94,0.69,0.46,0.4,0.2
Poland,physical,30-34,0.94,1.0,0.57,0.22,0.48,0.95,1.25,1.58,0.79,0.61,0.73,0.68,0.59,0.52,0.23
Poland,physical,35-39,0.67,0.6,0.63,0.46,0.31,0.52,1.02,2.05,0.95,0.48,0.53,0.44,0.39,0.24,0.46
Poland,physical,40-44,0.27,0.4,0.52,0.52,0.38,0.6,0.72,0.98,1.55,0.69,0.84,0.31,0.58,0.4,0.4
Poland,physical,45-49,0.31,0.37,0.4,0.41,0.49,0.53,0.69,0.68,0.94,1.28,1.11,0.58,0.1,0.36,0.51
Poland,physical,50-54,0.46,0.35,0.15,0.24,0.52,0.65,0.49,0.55,0.55,0.75,1.02,0.71,0.25,0.36,0.51
Poland,physical,55-59,0.47,0.41,0.13,0.15,0.3,0.3,0.3,0.45,0.47,0.33,0.58,1.21,0.44,0.32,0.37
Poland,physical,60-64,0.21,0.23,0.13,0.09,0.08,0.15,0.28,0.31,0.24,0.2,0.26,0.5,0.69,0.32,0.46
Poland,physical,65-69,0.21,0.14,0.09,0.12,0.05,0.08,0.1,0.29,0.23,0.16,0.08,0.27,0.41,0.52,0.43
Poland,physical,70+,0.2,0.28,0.26,0.12,0.13,0.2,0.13,0.48,0.26,0.39,0.45,0.42,0.42,0.28,0.8
